類型代號,基金統編,基金名稱,手續費_累積金額,手續費_比率,交易稅_累積金額,交易稅_比率,經理費_累積金額,經理費_比率,保管費_累積金額,保管費_比率,其他項費用_累積金額,其他項費用_比率,合計_累積金額,合計_比率
2,965469,國際第一基金,10294,0.01%,22240,0.02%,117259,0.13%,15635,0.02%,5063,0.01%,170491,0.18%
2,1050148,國際國民基金,303698,0.06%,394509,0.08%,623134,0.13%,83084,0.02%,113206,0.02%,1517631,0.31%
4,992769,國際全球基金,2348837,0.09%,167005,0.01%,3267916,0.12%,569669,0.02%,146152,0.01%,6499579,0.25%
5,971976,國際萬全基金,117273,0.01%,211745,0.03%,827444,0.10%,547636,0.07%,30056,0.00%,1734154,0.21%
6,1013101,國際萬寶基金,0,0.00%,0,0.00%,7325120,0.03%,2092893,0.01%,1076176,0.00%,10494189,0.04%
2,92003790,國際精選二十基金,268148,0.05%,441498,0.07%,752510,0.13%,70231,0.01%,22073,0.00%,1554460,0.26%
6,92023183,國際萬能基金,0,0.00%,0,0.00%,7721897,0.03%,2206255,0.01%,2684920,0.01%,12613072,0.05%
3,97979257,國際台灣祥龍基金,14501,0.16%,41972,0.46%,10442,0.11%,1044,0.01%,181384,1.97%,249343,2.71%
6,97991702,國際萬華基金,0,0.00%,0,0.00%,7351791,0.03%,1293060,0.00%,537681,0.00%,9182532,0.03%
7,20095341,國際萬通基金,0,0.00%,0,0.00%,392596,0.08%,43187,0.01%,5009,0.00%,440792,0.10%
2,81584996,國際中小基金,233766,0.05%,301360,0.06%,645432,0.13%,55938,0.01%,5392,0.00%,1241888,0.24%
2,73991751,國際電子基金,117465,0.01%,158558,0.01%,2863986,0.13%,305491,0.01%,46134,0.00%,3491634,0.15%
2,17606299,國際金龍基金,141820,0.03%,256525,0.06%,609460,0.14%,57138,0.01%,11361,0.00%,1076304,0.24%
4,14699772,國際生命科學基金,132396,0.06%,2721,0.00%,299411,0.14%,45791,0.02%,4499,0.00%,484818,0.23%
5,29208036,國際安盈基金,339824,0.02%,59038,0.00%,1564085,0.10%,156409,0.01%,36717,0.00%,2156073,0.14%
2,988316,荷銀光華基金,166804,0.03%,226390,0.04%,701480,0.13%,93530,0.02%,12700,0.00%,1200904,0.22%
1,968493,荷銀鴻運基金,144633,0.03%,154494,0.03%,711671,0.13%,94891,0.02%,294773,0.05%,1400462,0.25%
4,1021518,荷銀環球基金,119316,0.01%,25157,0.00%,1157212,0.13%,201774,0.02%,211591,0.02%,1715050,0.19%
5,971103,荷銀鴻利基金,319810,0.03%,270494,0.03%,1003211,0.10%,146299,0.01%,12770,0.00%,1752584,0.18%
6,1013051,荷銀鴻揚基金,0,0.00%,0,0.00%,4145201,0.02%,1285810,0.01%,13875,0.00%,5444886,0.03%
2,1031564,荷銀積極成長基金,183708,0.03%,206925,0.03%,861339,0.13%,86131,0.01%,13595,0.00%,1351698,0.20%
4,92017008,荷銀新馬基金,175019,0.02%,47685,0.01%,1007710,0.13%,161235,0.02%,1175358,0.15%,2567007,0.32%
6,92024520,荷銀債券基金,0,0.00%,0,0.00%,9006607,0.02%,2841460,0.01%,8105,0.00%,11856172,0.03%
4,97982106,荷銀日本基金,335517,0.02%,0,0.00%,2856260,0.14%,428439,0.02%,34006,0.00%,3654222,0.17%
4,20089404,荷銀泰國基金,650498,0.04%,22725,0.00%,2125732,0.14%,318861,0.02%,110601,0.01%,3228417,0.21%
2,17600534,荷銀高科技基金,809740,0.04%,919537,0.04%,2787447,0.14%,261322,0.01%,30,0.00%,4778076,0.23%
5,18036521,荷銀安利基金,39779,0.01%,53587,0.01%,764107,0.10%,76409,0.01%,70,0.00%,933952,0.12%
6,18479285,荷銀精選債券基金,0,0.00%,0,0.00%,6089765,0.03%,1391948,0.01%,890,0.00%,7482603,0.04%
6,18493569,荷銀台灣債券基金,0,0.00%,0,0.00%,326788,0.03%,74694,0.01%,60,0.00%,401542,0.04%
6,14303808,荷銀安信基金,0,0.00%,0,0.00%,1187726,0.05%,158364,0.01%,7380,0.00%,1353470,0.06%
4,14703136,荷銀全球首選基金,270913,0.02%,1418,0.00%,1757924,0.15%,271221,0.02%,0,0.00%,2301476,0.19%
5,99035620,荷銀全球安穩平衡基金,105382,0.01%,12147,0.00%,1861586,0.11%,372317,0.02%,76402,0.00%,2427834,0.14%
10,99353223,荷銀亞洲增長保本基金,0,0.00%,0,0.00%,0,0.00%,0,0.00%,0,0.00%,0,0.00%
5,29203026,荷銀盛利基金,210617,0.01%,323613,0.01%,2250957,0.10%,225097,0.01%,2666,0.00%,3012950,0.14%
2,968521,建弘福元基金,235859,0.03%,241527,0.03%,956301,0.13%,127492,0.02%,115009,0.02%,1676188,0.22%
4,969710,建弘泛太基金,599478,0.10%,0,0.00%,761577,0.13%,121840,0.02%,117005,0.02%,1599900,0.27%
2,971096,建弘雙福基金,1421567,0.13%,1581032,0.14%,1132436,0.10%,183559,0.02%,15272,0.00%,4333866,0.39%
5,1013088,建弘廣福基金,0,0.00%,0,0.00%,553141,0.06%,110617,0.01%,185730,0.02%,849488,0.09%
6,1032249,建弘全家福基金,0,0.00%,0,0.00%,11278348,0.02%,4409689,0.01%,6915660,0.01%,22603697,0.03%
2,1032803,建弘萬得福基金,377811,0.08%,317834,0.07%,593220,0.13%,59308,0.01%,237261,0.05%,1585434,0.34%
4,92010461,建弘馬來西亞基金,589267,0.05%,104703,0.01%,1803065,0.15%,267869,0.02%,1755025,0.14%,4519929,0.37%
2,97980043,建弘福王基金,1254874,0.14%,1362822,0.15%,1249777,0.14%,117150,0.01%,206144,0.02%,4190767,0.45%
6,20081472,建弘台灣債券基金,0,0.00%,0,0.00%,9240609,0.03%,2464150,0.01%,4573313,0.01%,16278072,0.04%
2,20092528,建弘店頭市場基金,607421,0.07%,699945,0.08%,1178644,0.14%,110486,0.01%,1552,0.00%,2598048,0.30%
4,81593453,建弘全球台商基金,193154,0.04%,190859,0.04%,629003,0.14%,94339,0.02%,568,0.00%,1107923,0.24%
2,73989002,建弘小型精選基金,904787,0.08%,1011874,0.09%,1474062,0.14%,138177,0.01%,2030,0.00%,3530930,0.32%
2,19341318,建弘電子基金,1681780,0.08%,1953147,0.09%,2915083,0.14%,273277,0.01%,3986,0.00%,6827273,0.32%
2,17154324,建弘價值基金,917903,0.10%,928385,0.10%,1199224,0.14%,112410,0.01%,2098,0.00%,3160020,0.36%
4,17612378,建弘亞洲科技基金,370574,0.05%,152794,0.02%,1073905,0.15%,159536,0.02%,301,0.00%,1757110,0.24%
4,14692567,建弘美國科技基金,6408,0.00%,94,0.00%,447678,0.15%,61384,0.02%,104945,0.03%,620509,0.21%
2,15739619,建弘大中華基金,615904,0.13%,779341,0.16%,665159,0.14%,62348,0.01%,1169,0.00%,2123921,0.43%
5,99019348,建弘高股息平衡基金,163894,0.01%,251323,0.02%,1198935,0.10%,119877,0.01%,-14728,0.00%,1719301,0.15%
5,99353151,建弘中概平衡基金,1288371,0.03%,2178826,0.05%,4098533,0.10%,409839,0.01%,103286,0.00%,8078855,0.20%
8,29203166,建弘全球平衡組合基金,0,0.00%,0,0.00%,693936,0.05%,134695,0.01%,3990,0.00%,832621,0.06%
3,1047806,匯豐台灣基金,1101688,0.02%,1250467,0.02%,6152224,0.08%,962678,0.01%,94828,0.00%,9561885,0.13%
2,989005,匯豐匯豐基金,194406,0.01%,260000,0.02%,1692782,0.13%,225700,0.02%,120337,0.01%,2493225,0.19%
2,1050013,匯豐成長基金,259418,0.03%,201686,0.03%,994688,0.13%,132624,0.02%,0,0.00%,1588416,0.20%
4,1021658,匯豐萬邦基金,791556,0.16%,7006060,1.43%,622361,0.13%,49790,0.01%,195261,0.04%,8665028,1.77%
5,971080,匯豐安富基金,993547,0.03%,1148922,0.04%,2867402,0.10%,414057,0.01%,129592,0.00%,5553520,0.19%
2,76941376,匯豐成功基金,921589,0.05%,1173663,0.06%,1210341,0.06%,242885,0.01%,9719,0.00%,3558197,0.17%
6,1013067,匯豐成龍基金,0,0.00%,0,0.00%,2472345,0.03%,494470,0.01%,560,0.00%,2967375,0.04%
2,1031298,匯豐龍鳳基金,963803,0.05%,1088444,0.06%,1991672,0.10%,199166,0.01%,127650,0.01%,4370735,0.22%
2,92017794,匯豐龍騰電子基金,1562054,0.04%,1907814,0.05%,4283261,0.10%,535409,0.01%,2418,0.00%,8290956,0.20%
6,92025871,匯豐富泰債券基金,0,0.00%,0,0.00%,6779664,0.02%,2661050,0.01%,600,0.00%,9441314,0.03%
6,97978399,匯豐開泰債券基金,0,0.00%,0,0.00%,67556,0.03%,18014,0.01%,30,0.00%,85600,0.03%
6,97993027,匯豐富泰二號債券基金,0,0.00%,0,0.00%,4830868,0.03%,1104196,0.01%,490,0.00%,5935554,0.04%
2,97995664,匯豐中小基金,328632,0.02%,335564,0.02%,1852566,0.13%,172906,0.01%,8932,0.00%,2698600,0.19%
2,73987671,匯豐台灣精典基金,722147,0.03%,530049,0.02%,2722325,0.13%,235930,0.01%,722,0.00%,4211173,0.20%
4,18031954,匯豐太平洋精典基金,1563486,0.11%,634274,0.04%,2223907,0.15%,197681,0.01%,4995,0.00%,4624343,0.32%
6,13538742,匯豐開泰二號債券基金,0,0.00%,0,0.00%,62545,0.03%,14292,0.01%,93,0.00%,76930,0.04%
4,15587747,匯豐歐洲精典基金,77505,0.04%,10552,0.00%,322288,0.15%,46039,0.02%,110,0.00%,456494,0.21%
7,99033427,匯豐環宇債券基金,0,0.00%,0,0.00%,275964,0.04%,60709,0.01%,1015,0.00%,337688,0.05%
8,99364571,匯豐環宇精選平衡組合基金,0,0.00%,0,0.00%,1507912,0.06%,280040,0.01%,1550,0.00%,1789502,0.07%
2,77537509,元大多元基金,114788,0.02%,161254,0.03%,654131,0.10%,81769,0.01%,44155,0.01%,1056097,0.16%
6,1031608,元大多利基金,0,0.00%,0,0.00%,5926136,0.03%,1405348,0.01%,14413,0.00%,7345897,0.04%
2,1032058,元大多福基金,2177494,0.14%,2263754,0.14%,2011743,0.13%,201174,0.01%,16492,0.00%,6670657,0.42%
2,92001765,元大多多基金,534567,0.02%,1014201,0.03%,4452557,0.15%,381647,0.01%,97965,0.00%,6480937,0.22%
2,92026219,元大卓越基金,756831,0.01%,1442864,0.02%,8981143,0.14%,673584,0.01%,0,0.00%,11854422,0.18%
6,97980178,元大多利二號基金,0,0.00%,0,0.00%,6267731,0.03%,1671395,0.01%,690,0.00%,7939816,0.03%
2,20080023,元大店頭基金,217424,0.02%,272155,0.02%,1870880,0.14%,175397,0.01%,0,0.00%,2535856,0.18%
6,20081331,元大萬泰基金,0,0.00%,0,0.00%,7234807,0.03%,1929286,0.01%,430,0.00%,9164523,0.03%
2,81584335,元大高科技基金,3344025,0.06%,2815713,0.05%,7306972,0.14%,685030,0.01%,0,0.00%,14151740,0.26%
2,81585622,法華滿益基金,93396,0.04%,167965,0.08%,302977,0.14%,28402,0.01%,0,0.00%,592740,0.27%
2,83863951,元大經貿基金,1885900,0.16%,2017633,0.17%,1586823,0.14%,148767,0.01%,0,0.00%,5639123,0.48%
2,17139204,元大新主流基金,1393926,0.13%,1367701,0.13%,1407570,0.14%,131959,0.01%,0,0.00%,4301156,0.41%
4,17612481,元大全球通訊基金,351783,0.05%,0,0.00%,995342,0.15%,147880,0.02%,0,0.00%,1495005,0.22%
2,18036281,元大巴菲特基金,443271,0.05%,460511,0.05%,1284086,0.14%,120383,0.01%,0,0.00%,2308251,0.24%
5,18475197,元大平衡基金,65947,0.01%,0,0.00%,753263,0.10%,75325,0.01%,90,0.00%,894625,0.12%
5,98636553,元大雙盈基金,376326,0.08%,414664,0.09%,385587,0.08%,38561,0.01%,0,0.00%,1215138,0.27%
4,14696466,元大全球成長基金,215758,0.10%,6727,0.00%,324439,0.15%,48198,0.02%,0,0.00%,595122,0.27%
8,80913767,元大精華組合基金,19072,0.00%,13642,0.00%,114576,0.01%,51543,0.00%,0,0.00%,198833,0.02%
7,99032193,元大全球債券基金,0,0.00%,0,0.00%,705711,0.08%,84687,0.01%,0,0.00%,790398,0.09%
5,99629572,元大全球平衡基金,155512,0.01%,0,0.00%,1540937,0.13%,267095,0.02%,0,0.00%,1963544,0.16%
2,974024,景順和信基金,17591,0.00%,21628,0.00%,444955,0.10%,51911,0.01%,0,0.00%,536085,0.12%
2,92019786,景順潛力基金,0,0.00%,0,0.00%,1394737,0.14%,122039,0.01%,1125,0.00%,1517901,0.15%
6,92025942,景順債券基金,0,0.00%,0,0.00%,7054819,0.03%,1612531,0.01%,203622,0.00%,8870972,0.04%
4,97993482,景順全球科技基金,216646,0.01%,962,0.00%,5694717,0.15%,813534,0.02%,185440,0.00%,6911299,0.18%
4,81598957,景順龍基金,0,0.00%,0,0.00%,516789,0.15%,73829,0.02%,30,0.00%,590648,0.17%
2,73989256,景順台灣科技基金,0,0.00%,0,0.00%,2788264,0.14%,243974,0.01%,1927,0.00%,3034165,0.15%
2,17140568,景順主流基金,108227,0.01%,82095,0.01%,1962570,0.14%,171725,0.01%,1452,0.00%,2326069,0.16%
5,17606713,景順平衡基金,190319,0.02%,374505,0.04%,993730,0.10%,99370,0.01%,3050,0.00%,1660974,0.17%
4,17612362,景順寰宇先進科技基金,0,0.00%,0,0.00%,1256924,0.15%,195520,0.02%,101653,0.01%,1554097,0.19%
6,18487742,景順積極收益基金,0,0.00%,0,0.00%,4127169,0.03%,943348,0.01%,1481493,0.01%,6552010,0.05%
6,14554467,景順公債基金,0,0.00%,0,0.00%,432735,0.04%,69237,0.01%,0,0.00%,501972,0.05%
4,14687516,景順全球康健基金,271922,0.07%,1425,0.00%,595128,0.15%,56209,0.01%,73590,0.02%,998274,0.26%
2,15588302,景順台灣精選成長基金,36373,0.01%,36980,0.01%,720757,0.14%,67571,0.01%,282,0.00%,861963,0.16%
7,94981358,景順全球收益基金,0,0.00%,0,0.00%,416861,0.08%,46320,0.01%,90,0.00%,463271,0.08%
5,99360527,景順富麗人生基金,51211,0.00%,72698,0.00%,2336824,0.10%,233678,0.01%,12816,0.00%,2707227,0.12%
6,1033325,保誠威鋒二號基金,0,0.00%,0,0.00%,5355070,0.02%,2997463,0.01%,23465,0.00%,8375998,0.02%
2,92003102,保誠高科技基金,1360318,0.04%,1707934,0.04%,4876544,0.13%,428257,0.01%,20837,0.00%,8393890,0.22%
2,92012572,保誠外銷基金,1366475,0.04%,778984,0.02%,4513389,0.14%,423132,0.01%,0,0.00%,7081980,0.21%
6,92029216,保誠獨特基金,0,0.00%,0,0.00%,3671735,0.02%,647214,0.00%,250,0.00%,4319199,0.03%
2,97978102,保誠掌櫃基金,416692,0.08%,420290,0.08%,710128,0.14%,57695,0.01%,0,0.00%,1604805,0.31%
2,97983647,保誠元滿基金,756733,0.15%,779686,0.15%,645224,0.13%,64523,0.01%,0,0.00%,2246166,0.44%
2,97990696,保誠菁華基金,224115,0.02%,231086,0.02%,1299875,0.14%,121862,0.01%,0,0.00%,1876938,0.20%
4,81581219,保誠亞太三喜基金,433066,0.06%,73493,0.01%,1046691,0.15%,156404,0.02%,126500,0.02%,1836154,0.26%
2,81595924,保誠中小型股基金,521935,0.03%,435760,0.03%,2351857,0.14%,220488,0.01%,0,0.00%,3530040,0.20%
6,83867345,保誠威寶基金,0,0.00%,0,0.00%,3668893,0.01%,2836014,0.01%,830,0.00%,6505737,0.02%
2,17603899,保誠電通網基金,1880266,0.11%,1978890,0.12%,2315547,0.14%,217082,0.01%,18,0.00%,6391803,0.37%
4,17611814,保誠歐洲基金,126407,0.02%,0,0.00%,1091657,0.15%,187141,0.03%,0,0.00%,1405205,0.19%
5,18036769,保誠理財通基金,754522,0.04%,889682,0.04%,2144714,0.10%,214472,0.01%,2333,0.00%,4005723,0.19%
4,14692623,保誠美國高科技基金,55603,0.01%,912,0.00%,738262,0.15%,118121,0.02%,0,0.00%,912898,0.18%
8,98669625,保誠運籌人生基金,0,0.00%,1580,0.00%,250065,0.02%,59701,0.00%,0,0.00%,311346,0.02%
5,99033502,保誠理財通二號基金,1193995,0.05%,921042,0.04%,2378667,0.10%,237865,0.01%,3348,0.00%,4734917,0.20%
5,99360224,保誠理財通三號基金,155800,0.00%,276649,0.00%,6386863,0.10%,638687,0.01%,490,0.00%,7458489,0.12%
2,1032183,保德信高成長基金,437664,0.01%,522325,0.02%,3149367,0.10%,393665,0.01%,14904,0.00%,4517925,0.15%
2,92013967,保德信金滿意基金,679564,0.01%,833846,0.02%,6922829,0.14%,649014,0.01%,2062,0.00%,9087315,0.18%
4,92029139,保德信亞太基金,265635,0.04%,73293,0.01%,997140,0.15%,148144,0.02%,22968,0.00%,1507180,0.22%
6,97978047,保德信債券基金,0,0.00%,0,0.00%,6489624,0.03%,1946882,0.01%,270,0.00%,8436776,0.03%
2,97988636,保德信店頭市場基金,249141,0.06%,267853,0.06%,582899,0.14%,54646,0.01%,466,0.00%,1155005,0.27%
6,20089122,保德信瑞騰基金,0,0.00%,0,0.00%,1317337,0.03%,395199,0.01%,435,0.00%,1712971,0.03%
2,20097447,保德信第一基金,136944,0.02%,201810,0.03%,1071009,0.14%,100407,0.01%,241,0.00%,1510411,0.19%
2,73990649,保德信科技島基金,628731,0.02%,709571,0.02%,4165611,0.14%,390525,0.01%,1285,0.00%,5895723,0.19%
4,73998065,保德信大中華基金,35704,0.01%,10950,0.00%,481267,0.15%,71499,0.02%,1337,0.00%,600757,0.19%
2,83866508,保德信中小型股基金,1037821,0.12%,1089749,0.13%,1158069,0.14%,108566,0.01%,211,0.00%,3394416,0.40%
2,17602625,保德信新世紀基金,755139,0.04%,785048,0.04%,2636598,0.14%,247179,0.01%,831,0.00%,4424795,0.23%
4,17611791,保德信日韓基金,0,0.00%,0,0.00%,812696,0.15%,120745,0.02%,39169,0.01%,972610,0.18%
5,18044064,保德信金平衡基金,85534,0.04%,108019,0.05%,232467,0.10%,23250,0.01%,308,0.00%,449578,0.20%
2,13528977,保德信台商全方位基金,289259,0.07%,400074,0.10%,541291,0.14%,50746,0.01%,411,0.00%,1281781,0.32%
4,14692638,保德信全球醫療生化基金,2047919,0.07%,0,0.00%,4199754,0.15%,629965,0.02%,15599,0.00%,6893237,0.25%
4,98755451,保德信全球中小基金,217300,0.02%,27927,0.00%,1509109,0.15%,226369,0.02%,382734,0.04%,2363439,0.24%
4,99166875,保德信美國基金,593308,0.08%,0,0.00%,1201109,0.15%,160148,0.02%,929974,0.12%,2884539,0.37%
8,99611329,保德信全球組合基金,0,0.00%,0,0.00%,1191776,0.08%,161644,0.01%,57260,0.00%,1410680,0.10%
4,29211264,保德信全球科技基金,1079884,0.10%,10967,0.00%,1644027,0.15%,219204,0.02%,991067,0.09%,3945149,0.37%
2,77537493,統一統信基金,685997,0.03%,832675,0.04%,2112797,0.10%,264097,0.01%,75834,0.00%,3971400,0.19%
2,1031699,統一全天候基金,542055,0.03%,260925,0.01%,1904716,0.10%,317455,0.02%,55141,0.00%,3080292,0.16%
2,92002244,統一黑馬基金,633043,0.05%,706452,0.05%,1660426,0.13%,154972,0.01%,39875,0.00%,3194768,0.24%
2,92012762,統一龍馬基金,310184,0.03%,473095,0.05%,1314594,0.13%,116483,0.01%,6690,0.00%,2221046,0.23%
6,92017176,統一強棒基金,0,0.00%,0,0.00%,8545480,0.02%,1993106,0.01%,4025064,0.01%,14563650,0.04%
2,97977878,統一店頭市場基金,356898,0.08%,385823,0.09%,598474,0.14%,48626,0.01%,3246,0.00%,1393067,0.32%
6,20080826,統一全壘打基金,0,0.00%,0,0.00%,7220188,0.03%,1925383,0.01%,1766488,0.01%,10912059,0.04%
2,81581724,統一經建基金,277280,0.04%,277261,0.04%,1035712,0.14%,97098,0.01%,5942,0.00%,1693293,0.22%
2,73990253,統一奔騰基金,669548,0.07%,692753,0.07%,1342490,0.14%,125857,0.01%,6857,0.00%,2837505,0.29%
2,17605622,統一大滿貫基金,1135508,0.05%,1334270,0.06%,2921391,0.14%,273883,0.01%,51824,0.00%,5716876,0.27%
4,18030553,統一亞太基金,85253,0.02%,68305,0.02%,615679,0.15%,91472,0.02%,353868,0.09%,1214577,0.29%
2,14911296,統一飛躍成長基金,83721,0.02%,37020,0.01%,511497,0.14%,47954,0.01%,2793,0.00%,682985,0.18%
5,99330854,統一保安平衡基金,154044,0.01%,67491,0.00%,2816179,0.10%,281617,0.01%,188919,0.01%,3508250,0.13%
8,29221349,統一全球精選組合基金,0,0.00%,0,0.00%,1301880,0.04%,318640,0.01%,19919,0.00%,1640439,0.06%
1,974018,富邦富邦基金,1604383,0.05%,1143125,0.03%,3363820,0.10%,420474,0.01%,341352,0.01%,6873154,0.21%
6,76949026,富邦如意基金,0,0.00%,0,0.00%,12065179,0.03%,3447196,0.01%,41756,0.00%,15554131,0.04%
2,92002384,富邦精準基金,2755488,0.10%,2745648,0.10%,3398115,0.13%,339809,0.01%,12973,0.00%,9252033,0.35%
2,92010477,富邦長紅基金,1256322,0.07%,1307705,0.08%,2319426,0.14%,217448,0.01%,1277,0.00%,5102178,0.30%
3,92010770,富邦台灣鳳凰基金,74452,0.04%,59324,0.03%,243430,0.13%,83337,0.04%,3359,0.00%,463902,0.24%
2,97974078,富邦冠軍基金,823371,0.10%,786629,0.09%,1163680,0.14%,109094,0.01%,577,0.00%,2883351,0.34%
6,97980579,富邦如意二號基金,0,0.00%,0,0.00%,12104032,0.03%,3458297,0.01%,16679,0.00%,15579008,0.04%
1,20089755,富邦店頭基金,1417315,0.03%,1463535,0.03%,5770238,0.14%,540960,0.01%,2525,0.00%,9194573,0.22%
2,81585475,富邦高成長基金,1453850,0.10%,1474467,0.10%,1908193,0.14%,178895,0.01%,354,0.00%,5015759,0.36%
6,81598540,富邦吉祥一號基金,0,0.00%,0,0.00%,7452328,0.03%,1703389,0.01%,10972,0.00%,9166689,0.04%
2,83864683,富邦科技基金,691408,0.07%,854085,0.08%,1408767,0.14%,132075,0.01%,631,0.00%,3086966,0.30%
6,19331085,富邦如意三號基金,0,0.00%,0,0.00%,10502330,0.03%,3000666,0.01%,18603,0.00%,13521599,0.04%
2,17148301,富邦台灣心基金,587963,0.03%,740078,0.04%,2371655,0.14%,222342,0.01%,380,0.00%,3922418,0.22%
2,17153795,富邦價值基金,437631,0.06%,397552,0.06%,954998,0.14%,89531,0.01%,266,0.00%,1879978,0.27%
2,17608445,富邦網路基金,495661,0.10%,527366,0.11%,669562,0.14%,62775,0.01%,388,0.00%,1755752,0.36%
6,17607229,富邦千禧龍債券基金,0,0.00%,0,0.00%,3360611,0.03%,768138,0.01%,10588,0.00%,4139337,0.04%
4,18032601,富邦亞洲科技基金,415695,0.12%,38792,0.01%,540593,0.15%,65748,0.02%,0,0.00%,1060828,0.30%
5,13999857,富邦福寶基金,1467727,0.11%,1677530,0.12%,1381823,0.10%,92117,0.01%,3666,0.00%,4622863,0.34%
6,14703494,富邦吉祥二號基金,0,0.00%,0,0.00%,1209139,0.04%,193467,0.01%,3177,0.00%,1405783,0.05%
4,14700052,富邦全球精選基金,295772,0.05%,24,0.00%,831429,0.15%,114024,0.02%,54250,0.01%,1295499,0.23%
6,80903917,富邦吉祥三號基金,0,0.00%,0,0.00%,5391606,0.03%,1232367,0.01%,11643,0.00%,6635616,0.04%
7,98765556,富邦全球債券基金,0,0.00%,0,0.00%,334939,0.08%,53592,0.01%,479541,0.12%,868072,0.22%
5,99641013,富邦福泰基金,916969,0.01%,1076495,0.01%,5560332,0.08%,617814,0.01%,14682,0.00%,8186292,0.11%
2,974039,摩根富林明JF台灣基金,954576,0.07%,1039030,0.08%,1324982,0.10%,154575,0.01%,238175,0.02%,3711338,0.28%
2,1032162,摩根富林明JF台灣增長基金,1310083,0.06%,1349472,0.06%,2357676,0.10%,382118,0.02%,262857,0.01%,5662206,0.24%
4,92005896,摩根富林明JF新興日本基金,2741224,0.08%,0,0.00%,4447053,0.13%,652236,0.02%,270715,0.01%,8111228,0.23%
2,92012025,摩根富林明JF新興科技基金,2318678,0.03%,2075211,0.02%,10581430,0.13%,987599,0.01%,313513,0.00%,16276431,0.20%
6,92016991,摩根富林明JF台灣債券基金,0,0.00%,0,0.00%,7395029,0.03%,1327472,0.01%,2909947,0.01%,11632448,0.05%
4,92023780,摩根富林明JF亞洲基金,827835,0.02%,351022,0.01%,5822316,0.15%,865030,0.02%,1309368,0.03%,9175571,0.23%
6,97991668,摩根富林明JF第一債券基金,0,0.00%,0,0.00%,7523461,0.03%,1719647,0.01%,2134760,0.01%,11377868,0.04%
4,97999612,摩根富林明JF龍揚基金,1959757,0.02%,1572690,0.02%,12108772,0.15%,1799017,0.02%,151090,0.00%,17591326,0.22%
4,20096209,摩根富林明JF東方科技基金,2166714,0.03%,368626,0.00%,12084029,0.15%,1795343,0.02%,552265,0.01%,16966977,0.21%
4,73980092,摩根富林明大歐洲基金,1807061,0.03%,658254,0.01%,8708516,0.15%,1492886,0.03%,163110,0.00%,12829827,0.22%
2,73989501,摩根富林明JF中小基金,1800439,0.04%,1687460,0.04%,6395351,0.14%,599566,0.01%,264750,0.01%,10747566,0.23%
2,17144945,摩根富林明JF價值成長基金,628339,0.03%,716789,0.03%,2993184,0.14%,280614,0.01%,71603,0.00%,4690529,0.21%
4,17612356,摩根富林明全球通網基金,395800,0.02%,1153,0.00%,2741736,0.15%,441725,0.02%,115212,0.01%,3695626,0.21%
5,18036846,摩根富林明JF平衡基金,1633248,0.03%,308910,0.01%,5469578,0.10%,546958,0.01%,448147,0.01%,8406841,0.16%
4,14691292,摩根富林明新美國基金,407909,0.04%,3858,0.00%,1409231,0.15%,219211,0.02%,344832,0.04%,2385041,0.26%
8,98661139,摩根富林明JF安家理財基金,0,0.00%,0,0.00%,226049,0.01%,88572,0.00%,5742,0.00%,320363,0.01%
5,99181637,摩根富林明全球平衡基金,21671,0.00%,14985,0.00%,3072636,0.13%,307263,0.01%,205326,0.01%,3621881,0.15%
2,99354335,摩根富林明JF台灣微型基金,661465,0.05%,729460,0.05%,1897005,0.14%,177845,0.01%,48974,0.00%,3514749,0.25%
4,29245757,摩根富林明全球α基金,1178291,0.03%,365969,0.01%,5883747,0.15%,874157,0.02%,1641820,0.04%,9943984,0.25%
2,973762,華南永昌永昌基金,210398,0.10%,279778,0.13%,224519,0.10%,26194,0.01%,26966,0.01%,767855,0.35%
2,1031852,華南永昌昌隆基金,29002,0.06%,37042,0.08%,49572,0.10%,7434,0.02%,28291,0.06%,151341,0.31%
2,92016839,華南永昌前瞻科技基金,79681,0.08%,132688,0.14%,124438,0.13%,12446,0.01%,945,0.00%,350198,0.36%
6,97971760,永昌鳳翔債券基金,0,0.00%,0,0.00%,13611168,0.03%,3888907,0.01%,6705265,0.01%,24205340,0.05%
2,17610006,華南永昌新銳星基金,358032,0.12%,436515,0.15%,407324,0.14%,38184,0.01%,3612,0.00%,1243667,0.41%
5,18477625,永昌龍盈平衡基金,48556,0.02%,44696,0.02%,210267,0.10%,21029,0.01%,11306,0.01%,335854,0.16%
6,13989817,永昌麒麟債券基金,0,0.00%,0,0.00%,5624310,0.03%,1285556,0.01%,829258,0.00%,7739124,0.04%
5,99169182,華南永昌鶴喜平衡基金,917471,0.03%,1082839,0.03%,3607090,0.10%,300588,0.01%,554654,0.02%,6462642,0.18%
5,29248380,華南永昌全球平衡基金,0,0.00%,0,0.00%,2596671,0.13%,311601,0.02%,85912,0.00%,2994184,0.15%
2,974066,寶來2001基金,114397,0.03%,142854,0.03%,397407,0.10%,70202,0.02%,23337,0.01%,748197,0.18%
2,92004566,寶來績效基金,361463,0.03%,418511,0.04%,1355353,0.13%,126501,0.01%,0,0.00%,2261828,0.21%
6,92017204,寶來得利基金,0,0.00%,0,0.00%,8877515,0.03%,2536438,0.01%,6239,0.00%,11420192,0.04%
2,17145070,寶來矽谷基金,133016,0.02%,159534,0.03%,744131,0.12%,70844,0.01%,0,0.00%,1107525,0.19%
5,18036563,寶來平衡基金,30741,0.01%,58578,0.02%,249290,0.10%,25642,0.01%,0,0.00%,364251,0.14%
6,13530495,寶來得寶基金,0,0.00%,0,0.00%,6300283,0.03%,1440063,0.01%,2028,0.00%,7742374,0.04%
2,14542287,寶來精準中小基金,189121,0.03%,253128,0.04%,763780,0.14%,71604,0.01%,0,0.00%,1277633,0.23%
6,15741262,寶來富利基金,0,0.00%,0,0.00%,2370595,0.03%,541847,0.01%,70,0.00%,2912512,0.04%
9,98764389,寶來台灣卓越50基金,1210208,0.00%,1579551,0.00%,11394113,0.03%,1246230,0.00%,2296631,0.01%,17726733,0.04%
10,99023624,寶來福星高照保本型基金,0,0.00%,0,0.00%,0,0.00%,72534,0.00%,0,0.00%,72534,0.00%
4,99028114,寶來全球優勢基金,687429,0.07%,16169,0.00%,1400845,0.15%,202346,0.02%,48602,0.01%,2355391,0.26%
7,99338223,寶來全球短債基金,0,0.00%,0,0.00%,1456702,0.08%,174802,0.01%,513,0.00%,1632017,0.09%
5,99346568,寶來雙盈平衡基金,116347,0.00%,228743,0.01%,2932296,0.08%,295902,0.01%,89,0.00%,3573377,0.10%
12,99346928,寶來台灣加權股價指數基金,324106,0.01%,440393,0.02%,1388498,0.06%,203888,0.01%,54989,0.00%,2411874,0.10%
2,974241,新光台灣富貴基金,452371,0.04%,441287,0.04%,1103640,0.10%,137955,0.01%,12916,0.00%,2148169,0.20%
6,1031706,新光台灣吉利基金,0,0.00%,0,0.00%,4138353,0.02%,1570640,0.01%,2581239,0.01%,8290232,0.04%
2,92000533,新光台灣永發基金,0,0.00%,0,0.00%,472631,0.13%,47264,0.01%,5207,0.00%,525102,0.14%
4,92024964,新光日本精選基金,459748,0.08%,0,0.00%,810668,0.14%,131732,0.02%,29326,0.00%,1431474,0.24%
6,97982062,新光吉祥基金,0,0.00%,0,0.00%,3920608,0.03%,560087,0.00%,1220798,0.01%,5701493,0.04%
6,97988122,新光吉星基金,0,0.00%,0,0.00%,8712484,0.02%,3383355,0.01%,8598299,0.02%,20694138,0.04%
2,97998803,新光競臻笠基金,317011,0.07%,368124,0.08%,587714,0.14%,55095,0.01%,1482,0.00%,1329426,0.31%
2,81580149,新光國家建設基金,334365,0.06%,270841,0.05%,742270,0.14%,69591,0.01%,1630,0.00%,1418697,0.26%
2,81585242,新光創新科技基金,318011,0.06%,371156,0.07%,714828,0.14%,62548,0.01%,1537,0.00%,1468080,0.28%
2,73998071,新光店頭基金,187674,0.03%,227993,0.03%,956609,0.14%,89686,0.01%,1088,0.00%,1463050,0.21%
2,17604341,新光摩天基金,98711,0.01%,50640,0.01%,969771,0.14%,90917,0.01%,1058,0.00%,1211097,0.17%
5,18036016,新光千里馬基金,32074,0.01%,17546,0.00%,565628,0.10%,56567,0.01%,25049,0.00%,696864,0.13%
2,18488290,新光新興中小基金,164780,0.05%,200190,0.06%,421953,0.14%,39557,0.01%,634,0.00%,827114,0.27%
2,13986924,新光大三通基金,478012,0.09%,523323,0.10%,733786,0.14%,68794,0.01%,2130,0.00%,1806045,0.33%
4,15743509,新光亞洲精選基金,40795,0.01%,6928,0.00%,489985,0.15%,72799,0.02%,18135,0.01%,628642,0.19%
8,98670088,新光冠軍組合基金,0,0.00%,0,0.00%,110185,0.02%,19631,0.00%,373,0.00%,130189,0.03%
7,99338217,新光吉富全球債券基金,0,0.00%,0,0.00%,1438617,0.08%,196865,0.01%,9712,0.00%,1645194,0.09%
5,99626060,新光策略平衡基金,88135,0.00%,75906,0.00%,2362329,0.10%,236235,0.01%,91294,0.00%,2853899,0.12%
2,1031874,瑞銀小龍基金,6546,0.03%,8601,0.03%,33273,0.13%,3324,0.01%,0,0.00%,51744,0.20%
2,92011433,瑞銀強勢基金,34808,0.02%,36457,0.02%,199004,0.14%,18657,0.01%,0,0.00%,288926,0.20%
6,92029320,瑞銀台灣債券基金,0,0.00%,0,0.00%,4001932,0.03%,1143409,0.01%,12676,0.00%,5158017,0.04%
2,19325252,瑞銀鐵木真基金,43525,0.01%,57103,0.02%,399538,0.14%,37451,0.01%,0,0.00%,537617,0.18%
6,13527822,瑞銀翔鷹債券基金,0,0.00%,0,0.00%,957088,0.03%,218764,0.01%,110,0.00%,1175962,0.04%
4,14915461,瑞銀玉寶全球科技生化基金,93226,0.02%,55071,0.01%,883231,0.15%,137390,0.02%,0,0.00%,1168918,0.20%
5,94989464,瑞銀盈穩基金,46371,0.02%,19500,0.01%,204941,0.10%,20816,0.01%,0,0.00%,291628,0.14%
7,99338167,瑞銀全球債券基金,0,0.00%,0,0.00%,1082603,0.10%,144344,0.01%,0,0.00%,1226947,0.12%
2,92028997,群益中小型股基金,351076,0.01%,415872,0.02%,3318937,0.13%,331893,0.01%,0,0.00%,4417778,0.17%
6,97978525,群益安穩收益基金,0,0.00%,0,0.00%,17076598,0.03%,4391636,0.01%,1900,0.00%,21470134,0.04%
2,97984293,群益馬拉松基金,3008415,0.04%,3728669,0.05%,9262464,0.14%,868354,0.01%,0,0.00%,16867902,0.25%
2,20081352,群益店頭市場基金,688491,0.03%,594835,0.03%,3066587,0.14%,287491,0.01%,0,0.00%,4637404,0.20%
2,81591434,群益長安基金,390690,0.03%,487239,0.03%,2037888,0.14%,191052,0.01%,0,0.00%,3106869,0.21%
6,19326652,群益安利基金,0,0.00%,0,0.00%,3980096,0.03%,995020,0.01%,2132,0.00%,4977248,0.03%
2,19339782,群益創新科技基金,466699,0.03%,367223,0.02%,2444440,0.14%,229167,0.01%,0,0.00%,3507529,0.19%
5,17147605,群益真善美基金,430522,0.01%,452147,0.01%,6426598,0.10%,642663,0.01%,143959,0.00%,8095889,0.13%
4,17611808,群益全球數位基金,29978,0.01%,289,0.00%,588696,0.15%,87465,0.02%,0,0.00%,706428,0.18%
6,18038823,群益安信基金,0,0.00%,0,0.00%,13443567,0.03%,3111423,0.01%,630,0.00%,16555620,0.04%
5,18037845,群益平衡王基金,222703,0.01%,209542,0.01%,4002010,0.10%,400200,0.01%,79132,0.00%,4913587,0.12%
7,80917813,群益安邦基金,0,0.00%,0,0.00%,335739,0.09%,40292,0.01%,0,0.00%,376031,0.10%
5,29243337,群益安家基金,21562,0.00%,0,0.00%,12291970,0.10%,1229194,0.01%,0,0.00%,13542726,0.11%
2,97972846,德信大發基金,1068539,0.14%,1116817,0.14%,985194,0.13%,91954,0.01%,0,0.00%,3262504,0.42%
6,97991040,德信萬年基金,0,0.00%,0,0.00%,5214145,0.02%,1695701,0.01%,2911,0.00%,6912757,0.03%
2,73988171,德信全方位基金,307160,0.15%,356977,0.17%,286069,0.14%,26816,0.01%,0,0.00%,977022,0.46%
2,18033138,德信數位時代基金,378127,0.14%,400029,0.15%,358241,0.14%,33584,0.01%,0,0.00%,1169981,0.44%
5,18040623,德信長春藤基金,224230,0.11%,192730,0.09%,208069,0.10%,20804,0.01%,0,0.00%,645833,0.32%
6,14290085,德信萬保基金,0,0.00%,0,0.00%,2458835,0.03%,562023,0.01%,13312,0.00%,3034170,0.04%
2,98770468,德信利基基金,323064,0.15%,299810,0.14%,296077,0.14%,27755,0.01%,0,0.00%,946706,0.43%
7,99636428,德信萬瑞基金,0,0.00%,0,0.00%,2386371,1.53%,435600,0.28%,-1479,0.00%,2820492,1.81%
2,97982984,金鼎概念型基金,175382,0.06%,134900,0.05%,344025,0.13%,32108,0.01%,295,0.00%,686710,0.25%
2,97997635,金鼎大利基金,539873,0.11%,521957,0.10%,677234,0.14%,59257,0.01%,562,0.00%,1798883,0.36%
6,97998424,金鼎債券基金,0,0.00%,0,0.00%,12829515,0.03%,2932457,0.01%,5328758,0.01%,21090730,0.05%
2,20094672,金鼎寶櫃基金,1021946,0.11%,961262,0.10%,1315514,0.14%,123328,0.01%,348311,0.04%,3770361,0.39%
2,73999260,金鼎行動基金,494544,0.19%,500038,0.19%,361152,0.14%,33859,0.01%,314,0.00%,1389907,0.52%
2,17141335,金鼎科技金融基金,512048,0.11%,456458,0.10%,608244,0.14%,57017,0.01%,696,0.00%,1634463,0.36%
6,17147909,金鼎鼎益基金,0,0.00%,0,0.00%,3552608,0.03%,812025,0.01%,1785774,0.01%,6150407,0.05%
5,13986564,金鼎首選平衡基金,197832,0.04%,150306,0.03%,472049,0.10%,47204,0.01%,5978,0.00%,873369,0.19%
4,98660080,金鼎美國基金,104000,0.03%,1299,0.00%,484582,0.15%,71993,0.02%,360,0.00%,662234,0.20%
5,99334900,金鼎全球雙贏基金,130255,0.02%,894,0.00%,995153,0.13%,172493,0.02%,1635,0.00%,1300430,0.17%
5,99364973,金鼎鼎盈基金,0,0.00%,0,0.00%,5651072,0.10%,565104,0.01%,681866,0.01%,6898042,0.12%
5,29224697,金鼎雙高基金,613502,0.03%,165994,0.01%,1911579,0.10%,191157,0.01%,180028,0.01%,3062260,0.16%
6,18044796,兆豐國際寶鑽債券基金,0,0.00%,0,0.00%,12015963,0.03%,2746506,0.01%,28557,0.00%,14791026,0.04%
2,15569831,兆豐國際高科技基金,606885,0.11%,547262,0.10%,722808,0.14%,67758,0.01%,0,0.00%,1944713,0.37%
5,15754836,兆豐國際平衡基金,1068735,0.12%,1168966,0.13%,906648,0.10%,90666,0.01%,60,0.00%,3235075,0.36%
2,99182734,兆豐國際兆豐基金,1074758,0.18%,1082328,0.18%,801616,0.14%,75151,0.01%,450,0.00%,3034303,0.51%
5,99353589,兆豐國際歡喜平衡基金,981979,0.13%,1001434,0.13%,806079,0.10%,80611,0.01%,30,0.00%,2870133,0.37%
2,20084317,日盛日盛基金,872955,0.04%,617119,0.03%,3322618,0.14%,311495,0.01%,0,0.00%,5124187,0.21%
6,81580387,日盛債券基金,0,0.00%,0,0.00%,15938238,0.03%,4250198,0.01%,52633,0.00%,20241069,0.03%
2,81584975,日盛上選基金,919469,0.03%,856056,0.03%,4167891,0.14%,390741,0.01%,0,0.00%,6334157,0.21%
2,73988876,日盛小而美基金,672651,0.10%,456640,0.07%,895948,0.14%,83996,0.01%,0,0.00%,2109235,0.32%
2,17147078,日盛精選五虎基金,210549,0.03%,249930,0.03%,980886,0.14%,91962,0.01%,0,0.00%,1533327,0.21%
2,17607591,日盛高科技基金,516713,0.02%,361187,0.01%,3625403,0.14%,339880,0.01%,0,0.00%,4843183,0.18%
4,18028748,日盛美亞高科技基金,459164,0.10%,51660,0.01%,668281,0.15%,91647,0.02%,-18,0.00%,1270734,0.28%
5,18487383,日盛平衡基金,136544,0.03%,102504,0.02%,442932,0.10%,44291,0.01%,0,0.00%,726271,0.17%
6,14542316,日盛優益債券基金,0,0.00%,0,0.00%,959406,0.03%,219290,0.01%,110,0.00%,1178806,0.04%
2,94991068,日盛新台商基金,101624,0.03%,86702,0.03%,458049,0.14%,42945,0.01%,0,0.00%,689320,0.20%
5,94996704,日盛富利平衡基金,202901,0.07%,219478,0.08%,278968,0.10%,27894,0.01%,0,0.00%,729241,0.26%
7,99039457,日盛全球債券基金,0,0.00%,0,0.00%,410481,0.08%,65681,0.01%,0,0.00%,476162,0.10%
5,99333803,日盛富盛平衡基金,120928,0.02%,116580,0.02%,282410,0.05%,57806,0.01%,40,0.00%,577764,0.10%
5,99359970,日盛全球平衡基金,115177,0.01%,27546,0.00%,2090007,0.13%,362272,0.02%,96,0.00%,2595098,0.16%
5,99629242,日盛策略平衡基金,702244,0.02%,1069554,0.04%,3036061,0.10%,303605,0.01%,0,0.00%,5111464,0.17%
2,20094820,友邦巨人基金,373448,0.02%,424697,0.02%,3365652,0.14%,315530,0.01%,1745,0.00%,4481072,0.18%
6,73992978,友邦巨輪基金,0,0.00%,0,0.00%,5103250,0.03%,1360863,0.01%,10845,0.00%,6474958,0.03%
2,17607889,友邦網路商務基金,52951,0.01%,77880,0.01%,740228,0.14%,69396,0.01%,417,0.00%,940872,0.17%
8,99353053,友邦旗艦全球平衡組合基金,0,0.00%,0,0.00%,862651,0.06%,184854,0.01%,65,0.00%,1047570,0.07%
8,29229530,友邦旗艦全球成長組合基金,0,0.00%,0,0.00%,1213919,0.08%,182085,0.01%,270,0.00%,1396274,0.10%
2,81587889,復華復華基金,38845,0.00%,68527,0.01%,1186171,0.14%,111203,0.01%,6676,0.00%,1411422,0.16%
6,73980446,復華債券基金,15856,0.00%,0,0.00%,15295645,0.03%,3496131,0.01%,5202044,0.01%,24009676,0.05%
2,73998086,復華高成長基金,257759,0.04%,296057,0.04%,909278,0.14%,85248,0.01%,2318,0.00%,1550660,0.23%
5,17138818,復華傳家基金,169635,0.00%,109650,0.00%,11655354,0.10%,1456924,0.01%,719025,0.01%,14110588,0.12%
6,17597405,復華有利基金,3985,0.00%,0,0.00%,5077602,0.04%,812400,0.01%,1590594,0.01%,7484581,0.06%
2,17608487,復華數位經濟基金,550343,0.03%,493138,0.03%,2546474,0.14%,238733,0.01%,11563,0.00%,3840251,0.20%
5,18035945,復華傳家二號基金,218141,0.01%,207921,0.01%,3056684,0.10%,305668,0.01%,140912,0.00%,3929326,0.13%
2,18488279,復華中小精選基金,705236,0.06%,790220,0.06%,1662615,0.14%,155871,0.01%,3176,0.00%,3317118,0.27%
6,13528619,復華信天翁基金,3123,0.00%,0,0.00%,6388722,0.03%,1460267,0.01%,2283730,0.01%,10135842,0.05%
7,14916692,復華全球債券基金,29890,0.00%,0,0.00%,769998,0.09%,123200,0.01%,11242,0.00%,934330,0.11%
5,15742001,復華人生目標基金,152362,0.00%,272561,0.01%,5457512,0.10%,545751,0.01%,543872,0.01%,6972058,0.13%
5,99034755,復華全球平衡基金,716152,0.03%,7341,0.00%,3449557,0.13%,597923,0.02%,1326131,0.05%,6097104,0.23%
5,99607599,復華神盾基金,1387974,0.01%,2085386,0.02%,12372418,0.10%,1031033,0.01%,-114406,0.00%,16762405,0.14%
2,81588536,大眾大眾基金,678330,0.07%,555719,0.06%,1242960,0.14%,116525,0.01%,0,0.00%,2593534,0.28%
6,73987460,大眾債券基金,0,0.00%,0,0.00%,4578189,0.03%,1220850,0.01%,13690,0.00%,5812729,0.03%
2,73991154,大眾科技基金,589836,0.12%,628483,0.13%,660508,0.14%,61922,0.01%,0,0.00%,1940749,0.40%
5,18036493,大眾優質平衡基金,249031,0.06%,230869,0.06%,421827,0.10%,52727,0.01%,0,0.00%,954454,0.23%
6,19291350,大眾駿馬債券基金,0,0.00%,0,0.00%,3238516,0.03%,740236,0.01%,6583,0.00%,3985335,0.04%
2,80894446,大眾中國通基金,280005,0.12%,296542,0.12%,322833,0.13%,30581,0.01%,0,0.00%,929961,0.39%
5,99022815,大眾金鑽平衡基金,717898,0.06%,824394,0.06%,1314176,0.10%,131468,0.01%,0,0.00%,2987936,0.23%
2,99352821,大眾精選25基金,1670117,0.13%,1829193,0.15%,1687196,0.14%,158424,0.01%,0,0.00%,5344930,0.43%
8,99632788,大眾全球平衡組合基金,0,0.00%,0,0.00%,410019,0.08%,61506,0.01%,0,0.00%,471525,0.10%
2,81588310,聯合創世紀基金,1633255,0.32%,52738,0.01%,631674,0.12%,70497,0.01%,0,0.00%,2388164,0.47%
2,73992013,聯合領航科技基金,627914,0.18%,4747,0.00%,489437,0.14%,50341,0.01%,0,0.00%,1172439,0.34%
2,17140075,聯合哥倫布基金,69216,0.03%,34290,0.01%,393021,0.15%,40426,0.02%,0,0.00%,536953,0.20%
4,17612686,聯合新世紀基金,0,0.00%,0,0.00%,400906,0.15%,66819,0.03%,83692,0.03%,551417,0.21%
2,81594690,大華大華基金,172135,0.02%,84934,0.01%,1234797,0.14%,115764,0.01%,1621,0.00%,1609251,0.18%
6,73982015,大華債券基金,0,0.00%,0,0.00%,12677442,0.03%,2897701,0.01%,7021477,0.02%,22596620,0.05%
2,17152509,大華高科技基金,424032,0.03%,341816,0.03%,1639273,0.14%,153682,0.01%,3135,0.00%,2561938,0.21%
6,18496904,大華安益債券基金,15263,0.00%,0,0.00%,718411,0.03%,164209,0.01%,31688,0.00%,929571,0.04%
2,13998344,大華中小基金,190176,0.05%,175419,0.04%,560028,0.14%,52503,0.01%,569,0.00%,978695,0.24%
5,14706582,大華趨勢基金,235217,0.03%,88855,0.01%,875631,0.10%,87561,0.01%,4383,0.00%,1291647,0.15%
5,80916244,大華中概平衡基金,357150,0.04%,168420,0.02%,961395,0.10%,96144,0.01%,7524,0.00%,1590633,0.17%
8,99361820,大華全球平衡組合基金,2405435,0.03%,46094,0.00%,7093687,0.08%,922177,0.01%,1393799,0.02%,11861192,0.14%
6,83863018,富鼎益利信債券基金,0,0.00%,0,0.00%,9140538,0.03%,2089266,0.01%,11005,0.00%,11240809,0.04%
2,17141187,富鼎半導體科技基金,540443,0.11%,581563,0.11%,687889,0.14%,64488,0.01%,418,0.00%,1874801,0.37%
2,17601891,富鼎大三元基金,440834,0.12%,445729,0.12%,491321,0.14%,46062,0.01%,343,0.00%,1424289,0.39%
5,18038078,富鼎精穩基金,129847,0.05%,129998,0.05%,274715,0.10%,34338,0.01%,291,0.00%,569189,0.21%
6,13537151,富鼎優質債券基金,0,0.00%,0,0.00%,2588883,0.03%,582499,0.01%,3875,0.00%,3175257,0.04%
2,14548769,富鼎寶馬基金,232048,0.09%,250868,0.10%,345173,0.14%,32361,0.01%,243,0.00%,860693,0.34%
5,15561628,富鼎大不同基金,126821,0.01%,231230,0.02%,1525757,0.10%,152576,0.01%,971,0.00%,2037355,0.14%
4,14708006,富鼎亞美基金,268506,0.13%,60138,0.03%,308939,0.15%,44623,0.02%,46721,0.02%,728927,0.36%
6,80907786,富鼎華盈債券基金,0,0.00%,0,0.00%,2119108,0.03%,484366,0.01%,821,0.00%,2604295,0.04%
8,98762946,富鼎精選組合基金,0,0.00%,0,0.00%,50317,0.02%,8803,0.00%,480,0.00%,59600,0.03%
5,99183207,富鼎優選平衡基金,104324,0.01%,136067,0.01%,1108374,0.10%,110836,0.01%,581,0.00%,1460182,0.14%
8,99610686,富鼎全球收益組合基金,0,0.00%,0,0.00%,117873,0.05%,32869,0.01%,420,0.00%,151162,0.06%
2,73982057,金復華金復華基金,777320,0.10%,771260,0.10%,1032559,0.13%,100740,0.01%,12002,0.00%,2693881,0.34%
6,83863973,金復華債券基金,0,0.00%,0,0.00%,12262616,0.03%,3270031,0.01%,5541500,0.01%,21074147,0.04%
2,17144889,金復華雙響炮基金,527178,0.09%,552434,0.09%,748482,0.13%,75814,0.01%,8132,0.00%,1912040,0.32%
6,17612692,金復華安本債券基金,0,0.00%,0,0.00%,1411997,0.03%,322743,0.01%,444957,0.01%,2179697,0.05%
5,15754738,金復華新平衡基金,808380,0.04%,965149,0.04%,2254548,0.10%,226121,0.01%,132624,0.01%,4386822,0.20%
8,98758154,金復華系統組合基金,0,0.00%,0,0.00%,107173,0.01%,46092,0.00%,358,0.00%,153623,0.01%
5,99032356,金復華經典平衡基金,1106536,0.03%,1094637,0.03%,3969742,0.10%,396974,0.01%,336420,0.01%,6904309,0.18%
6,99349740,金復華萬益債券基金,0,0.00%,0,0.00%,3798523,0.03%,868233,0.01%,925094,0.01%,5591850,0.04%
5,99620615,金復華精鑽平衡基金,2786841,0.07%,3231240,0.08%,4359739,0.10%,435976,0.01%,-175653,0.00%,10638143,0.25%
2,83863002,傳山永豐基金,279478,0.13%,296730,0.14%,295499,0.14%,27701,0.01%,391,0.00%,899799,0.41%
6,17142502,傳山永利債券基金,0,0.00%,0,0.00%,2178329,0.03%,580892,0.01%,1029137,0.01%,3788358,0.04%
2,18031960,傳山高科技基金,568242,0.21%,553453,0.20%,367050,0.13%,34414,0.01%,2257,0.00%,1525416,0.56%
5,99016530,傳山平衡基金,347688,0.15%,301399,0.13%,242426,0.10%,24245,0.01%,5772,0.00%,921530,0.39%
2,19325979,盛華8899成長基金,73938,0.02%,6512,0.00%,437467,0.15%,37500,0.01%,772,0.00%,556189,0.19%
6,19341387,盛華1699債券基金,0,0.00%,0,0.00%,16729002,0.03%,3345802,0.01%,7015673,0.01%,27090477,0.06%
2,17602821,盛華2000高科技基金,1241407,0.12%,1295401,0.13%,1380484,0.14%,129421,0.01%,4676,0.00%,4051389,0.40%
2,18034832,盛華8888中小基金,145633,0.07%,241704,0.11%,291742,0.14%,27355,0.01%,618,0.00%,707052,0.33%
6,18498728,盛華5599債券基金,0,0.00%,0,0.00%,3711295,0.03%,989677,0.01%,1839184,0.01%,6540156,0.04%
2,14293695,盛華2008華商基金,68662,0.03%,144607,0.07%,277294,0.14%,25995,0.01%,270,0.00%,516828,0.25%
5,14932291,盛華6666平衡基金,357933,0.03%,648910,0.05%,1260192,0.10%,126017,0.01%,170109,0.01%,2563161,0.21%
5,99016449,盛華0566全球平衡基金,5550,0.00%,0,0.00%,328124,0.07%,82031,0.02%,13855,0.00%,429560,0.09%
8,99343936,盛華5168組合基金,0,0.00%,0,0.00%,143884,0.01%,56780,0.00%,1347,0.00%,202011,0.02%
5,99643259,盛華9966平衡基金,0,0.00%,0,0.00%,1755610,0.08%,175561,0.01%,513867,0.02%,2445038,0.12%
2,19330712,倍立寶利基金,228545,0.10%,241492,0.10%,325724,0.14%,30536,0.01%,0,0.00%,826297,0.34%
6,17141530,倍立寶元基金,0,0.00%,0,0.00%,6381184,0.03%,1458553,0.01%,5284,0.00%,7845021,0.04%
2,17147915,倍立磐石基金,480777,0.08%,486977,0.08%,835790,0.14%,78355,0.01%,0,0.00%,1881899,0.31%
5,17604709,倍立利基基金,449197,0.08%,364211,0.07%,538854,0.10%,53881,0.01%,0,0.00%,1406143,0.27%
2,18040665,倍立高科技基金,542287,0.09%,549947,0.09%,798295,0.14%,74839,0.01%,0,0.00%,1965368,0.33%
5,18039885,倍立安定基金,98369,0.01%,97916,0.01%,698023,0.10%,69803,0.01%,44,0.00%,964155,0.14%
2,94987141,倍立中概基金,342596,0.11%,382618,0.12%,431120,0.14%,40419,0.01%,0,0.00%,1196753,0.38%
8,99626266,倍立台灣好組合基金,0,0.00%,0,0.00%,109254,0.02%,19803,0.00%,0,0.00%,129057,0.03%
2,19330754,彰銀安泰優質精選基金,443231,0.01%,441148,0.01%,3971958,0.13%,370711,0.01%,1932,0.00%,5228980,0.17%
6,17143431,彰銀安泰債券基金,0,0.00%,0,0.00%,950474,0.03%,217252,0.01%,4292,0.00%,1172018,0.04%
2,17146752,彰銀安泰成長精選基金,904011,0.06%,857364,0.06%,2058926,0.14%,180157,0.01%,816,0.00%,4001274,0.26%
5,17602250,彰銀安泰平衡精選基金,352297,0.01%,352334,0.01%,2476904,0.10%,247690,0.01%,1313,0.00%,3430538,0.14%
2,18037937,彰銀安泰ｅ科技精選基金,256420,0.03%,302593,0.03%,1229699,0.14%,115284,0.01%,488,0.00%,1904484,0.21%
2,18488469,彰銀安泰中小精選基金,351302,0.10%,342730,0.10%,469111,0.13%,43978,0.01%,168,0.00%,1207289,0.35%
4,14697373,彰銀安泰ING全球品牌基金,680797,0.07%,36849,0.00%,1528380,0.15%,254731,0.03%,99,0.00%,2500856,0.25%
4,94988015,彰銀安泰ING全球高股息基金,807414,0.06%,260344,0.02%,2145984,0.15%,357666,0.03%,4556,0.00%,3575964,0.25%
7,99035229,彰銀安泰ING全球複合債券基金,0,0.00%,0,0.00%,314531,0.09%,50324,0.01%,30,0.00%,364885,0.10%
8,99364447,彰銀安泰鑫平衡組合基金,0,0.00%,0,0.00%,1329574,0.07%,167604,0.01%,920,0.00%,1498098,0.08%
5,99638299,彰銀安泰ING活利基金,62169,0.00%,82924,0.00%,1217798,0.07%,182674,0.01%,201158,0.01%,1746723,0.10%
2,19339447,聯邦價值基金,274550,0.08%,267980,0.07%,486691,0.14%,45626,0.01%,4333,0.00%,1079180,0.30%
6,17144332,聯邦債券基金,0,0.00%,0,0.00%,4403342,0.03%,1006480,0.01%,2280173,0.02%,7689995,0.05%
2,17597236,聯邦精選科技基金,417879,0.11%,456302,0.12%,524868,0.14%,49205,0.01%,1419,0.00%,1449673,0.37%
5,17611820,聯邦雙利基金,142368,0.07%,138892,0.07%,206338,0.10%,20633,0.01%,932,0.00%,509163,0.25%
2,18496290,聯邦中國龍基金,172099,0.08%,142689,0.07%,276626,0.14%,25935,0.01%,928,0.00%,618277,0.30%
6,13984587,聯邦優利債券基金,0,0.00%,0,0.00%,1558189,0.03%,311637,0.01%,749726,0.02%,2619552,0.06%
2,14693572,聯邦台灣創新基金,209858,0.10%,226776,0.11%,278111,0.14%,26071,0.01%,910,0.00%,741726,0.36%
5,98669575,聯邦平衡基金,56776,0.01%,72946,0.02%,353228,0.08%,35510,0.01%,25968,0.01%,544428,0.13%
8,99636264,聯邦全球組合基金,0,0.00%,0,0.00%,263032,0.08%,34513,0.01%,70508,0.02%,368053,0.12%
2,17597600,台壽保阿波羅基金,386643,0.04%,403178,0.04%,1260438,0.14%,118168,0.01%,0,0.00%,2168427,0.23%
6,18035966,台壽保所羅門債券基金,0,0.00%,0,0.00%,3563890,0.03%,814603,0.01%,3777,0.00%,4382270,0.04%
6,18489951,台壽保美邦債券基金,0,0.00%,0,0.00%,1644983,0.03%,375999,0.01%,5158,0.00%,2026140,0.04%
2,18492956,台壽保媽祖基金,164919,0.07%,162609,0.07%,311472,0.14%,29201,0.01%,0,0.00%,668201,0.29%
6,13541747,台壽保豐年債券基金,0,0.00%,0,0.00%,605956,0.03%,138503,0.01%,480,0.00%,744939,0.04%
2,18434464,台壽保飛龍成長基金,121902,0.05%,100431,0.04%,308667,0.14%,28937,0.01%,0,0.00%,559937,0.25%
6,14705205,台壽保太陽神債券基金,0,0.00%,0,0.00%,179730,0.03%,35940,0.01%,773,0.00%,216443,0.04%
5,15578058,台壽保平衡基金,379953,0.06%,436717,0.07%,609360,0.10%,60932,0.01%,0,0.00%,1486962,0.25%
8,99645003,台壽保閣來寶全球組合基金,0,0.00%,0,0.00%,752961,0.08%,108234,0.01%,49776,0.01%,910971,0.09%
2,17604124,德盛台灣大壩基金,613938,0.04%,730755,0.05%,2170216,0.14%,203456,0.01%,0,0.00%,3718365,0.23%
6,18033003,德盛債券大壩基金,0,0.00%,0,0.00%,4733295,0.03%,1262209,0.01%,910,0.00%,5996414,0.03%
2,18480065,德盛科技大壩基金,30157,0.01%,45603,0.02%,328265,0.14%,30780,0.01%,0,0.00%,434805,0.18%
4,14693593,德盛全球生技大壩基金,2390898,0.06%,423324,0.01%,6487972,0.15%,973196,0.02%,250,0.00%,10275640,0.24%
7,98669250,德盛安聯全球債券基金,0,0.00%,0,0.00%,1167077,0.10%,155611,0.01%,8744,0.00%,1331432,0.11%
4,99337168,德盛安聯亞洲動態策略基金,2009597,0.07%,359019,0.01%,4278631,0.15%,618027,0.02%,1486,0.00%,7266760,0.26%
5,99612474,德盛安聯中小動態平衡基金,707860,0.03%,928670,0.04%,2209505,0.10%,220951,0.01%,1398,0.00%,4068384,0.19%
2,17612497,國泰國泰基金,1253330,0.04%,1527420,0.04%,4837509,0.14%,453515,0.01%,14460,0.00%,8086234,0.23%
6,18034853,國泰債券基金,0,0.00%,0,0.00%,10346171,0.03%,2364839,0.01%,5341622,0.02%,18052632,0.05%
2,18043059,國泰中小成長基金,499365,0.03%,461790,0.03%,2092731,0.14%,196195,0.01%,7372,0.00%,3257453,0.21%
5,18494624,國泰平衡基金,283337,0.04%,185009,0.03%,660533,0.10%,66051,0.01%,2968,0.00%,1197898,0.18%
6,13540374,國泰長利債券基金,0,0.00%,0,0.00%,1476335,0.03%,337447,0.01%,822342,0.02%,2636124,0.05%
2,19291128,國泰大中華基金,913373,0.06%,656756,0.05%,1974591,0.14%,185119,0.01%,4597,0.00%,3734436,0.26%
2,14705562,國泰科技生化基金,201801,0.04%,179139,0.03%,696652,0.14%,65311,0.01%,2283,0.00%,1145186,0.22%
5,98763972,國泰全球雙利基金,36482,0.00%,22892,0.00%,981237,0.13%,170081,0.02%,28006,0.00%,1238698,0.16%
7,99041658,國泰全球債券基金,0,0.00%,0,0.00%,739741,0.08%,110958,0.01%,177,0.00%,850876,0.10%
5,99611046,國泰精選平衡基金,316124,0.01%,576934,0.02%,2749948,0.10%,274995,0.01%,53581,0.00%,3971582,0.15%
2,18030218,富達台灣基金,472852,0.02%,584348,0.03%,2652860,0.14%,248706,0.01%,0,0.00%,3958766,0.20%
2,13984165,富達台灣成長基金,292644,0.02%,261187,0.02%,1686868,0.14%,158144,0.01%,0,0.00%,2398843,0.19%
7,98668127,富達飛鷹全球債券基金,0,0.00%,0,0.00%,363869,0.07%,51370,0.01%,0,0.00%,415239,0.08%
7,99175375,富達世界債券基金,0,0.00%,0,0.00%,951796,0.07%,128772,0.01%,0,0.00%,1080568,0.08%
2,18499732,遠東大聯台灣旗艦基金,55970,0.01%,57084,0.01%,1096786,0.14%,102823,0.01%,3480,0.00%,1316143,0.16%
6,13999821,遠東大聯台灣債券基金,0,0.00%,0,0.00%,1464584,0.03%,334763,0.01%,433314,0.01%,2232661,0.05%
2,14545897,遠東大聯科技基金,236534,0.03%,499844,0.06%,1115428,0.14%,104573,0.01%,119,0.00%,1956498,0.24%
7,99039674,遠東大聯全球債券基金,0,0.00%,0,0.00%,72855,0.08%,11657,0.01%,7679,0.01%,92191,0.11%
4,99351007,遠東大聯亞洲基金,573032,0.03%,295227,0.02%,2523966,0.15%,378595,0.02%,514060,0.03%,4284880,0.26%
4,99632577,遠東大聯全球原物料能源基金,440468,0.12%,82197,0.02%,551348,0.15%,79642,0.02%,524440,0.15%,1678095,0.47%
2,13539952,凱基開創基金,104485,0.01%,159856,0.02%,1124766,0.14%,105449,0.01%,170,0.00%,1494726,0.18%
2,14541724,凱基創星基金,107941,0.02%,81094,0.02%,621921,0.14%,58305,0.01%,0,0.00%,869261,0.19%
6,14703038,凱基凱旋基金,0,0.00%,0,0.00%,4458430,0.03%,1019068,0.01%,0,0.00%,5477498,0.04%
2,15562844,凱基先進基金,66153,0.02%,134160,0.04%,463924,0.14%,43495,0.01%,0,0.00%,707732,0.21%
5,80901592,凱基精算家基金,85872,0.02%,0,0.00%,569044,0.10%,56906,0.01%,288,0.00%,712110,0.13%
5,99017432,凱基長盛基金,81658,0.01%,29921,0.00%,1651819,0.10%,165182,0.01%,0,0.00%,1928580,0.12%
2,14293674,玉山登峰基金,734959,0.05%,644634,0.05%,1841925,0.14%,172683,0.01%,9953,0.00%,3404154,0.25%
6,14553777,玉山新紀元債券基金,0,0.00%,0,0.00%,9394906,0.03%,2147409,0.01%,2534,0.00%,11544849,0.04%
5,14939180,玉山金典平衡基金,257746,0.06%,167758,0.04%,396093,0.10%,40961,0.01%,3454,0.00%,866012,0.22%
5,98770811,玉山金如意平衡基金,871641,0.16%,1002488,0.19%,537290,0.10%,53730,0.01%,1695,0.00%,2466844,0.47%
8,99349544,玉山旭日組合基金,0,0.00%,0,0.00%,152685,0.03%,23460,0.00%,2572,0.00%,178717,0.03%
5,29207424,玉山全球平衡基金,46058,0.00%,57787,0.00%,6915445,0.13%,1107024,0.02%,20910,0.00%,8147224,0.15%
2,14694495,中興台灣基金,831013,0.08%,819520,0.08%,1334690,0.14%,125126,0.01%,680,0.00%,3111029,0.32%
6,15566790,中興平安基金,0,0.00%,0,0.00%,6497767,0.03%,1485202,0.01%,310,0.00%,7983279,0.04%
2,80892778,中興中小型基金,265892,0.11%,318806,0.13%,321905,0.14%,30177,0.01%,0,0.00%,936780,0.40%
5,98760124,中興幸福基金,88105,0.01%,108434,0.01%,943126,0.10%,94315,0.01%,0,0.00%,1233980,0.13%
5,99608632,中興快樂基金,310960,0.02%,469096,0.03%,1819307,0.10%,181933,0.01%,1528,0.00%,2782824,0.16%
2,14703109,國票遠見基金,47273,0.01%,30330,0.01%,552360,0.14%,51784,0.01%,5597,0.00%,687344,0.17%
6,98753931,國票勝利債券基金,0,0.00%,0,0.00%,78889,0.03%,18037,0.01%,30,0.00%,96956,0.04%
5,99016270,國票平衡基金,137048,0.02%,185992,0.02%,779207,0.10%,77919,0.01%,10513,0.00%,1190679,0.16%
2,99643808,國票精選成長基金,297506,0.03%,347151,0.03%,1453633,0.14%,136281,0.01%,7191,0.00%,2241762,0.21%
2,15733973,第一富蘭克林第一富基金,122541,0.05%,120552,0.05%,317367,0.14%,29755,0.01%,446,0.00%,590661,0.25%
2,29217773,新昕健康平安基金,4939818,0.10%,5516001,0.11%,6806806,0.14%,638135,0.01%,1335,0.00%,17902095,0.36%
6,99949391,新昕向榮債券基金,0,0.00%,0,0.00%,966023,0.03%,220805,0.01%,0,0.00%,1186828,0.04%
2,29222213,台新台新基金,2736676,0.08%,1555677,0.05%,4498566,0.14%,421745,0.01%,1464,0.00%,9214128,0.28%
6,99949293,台新真吉利基金,0,0.00%,0,0.00%,1147188,0.03%,270113,0.01%,3486,0.00%,1420787,0.03%
